Date,Special Period,Special Day,Day,Day #,Top 10 Gross,%?? YD,%?? LW,Releases,#1_Release,Gross,Link,
31-Dec-19,,New Year's Eve,Tuesday,365,"$41,665,447 ",15%,16.30%,54,Star_Wars_Episode_IX_The_Rise_of_Skywalker,"$13,217,698 ",https://www.rottentomatoes.com/m/star_wars_the_rise_of_skywalker,
30-Dec-19,,,Monday,364,"$43,219,231 ",-23.40%,-8.50%,53,Star_Wars_Episode_IX_The_Rise_of_Skywalker,"$15,302,130 ",https://www.rottentomatoes.com/m/star_wars_the_rise_of_skywalker,
29-Dec-19,,,Sunday,363,"$56,411,598 ",-13.50%,-10.10%,54,Star_Wars_Episode_IX_The_Rise_of_Skywalker,"$21,244,082 ",https://www.rottentomatoes.com/m/star_wars_the_rise_of_skywalker,
28-Dec-19,,,Saturday,362,"$65,192,161 ",NA,-9.50%,54,Star_Wars_Episode_IX_The_Rise_of_Skywalker,"$25,075,535 ",https://www.rottentomatoes.com/m/star_wars_the_rise_of_skywalker,
27-Dec-19,,,Friday,361,"$65,191,259 ",-4.80%,-39.90%,54,Star_Wars_Episode_IX_The_Rise_of_Skywalker,"$26,069,973 ",https://www.rottentomatoes.com/m/star_wars_the_rise_of_skywalker,
26-Dec-19,,,Thursday,360,"$68,467,070 ",-9%,770.80%,54,Star_Wars_Episode_IX_The_Rise_of_Skywalker,"$30,586,950 ",https://www.rottentomatoes.com/m/star_wars_the_rise_of_skywalker,
25-Dec-19,,Christmas Day,Wednesday,359,"$75,198,949 ",104.10%,748.70%,54,Star_Wars_Episode_IX_The_Rise_of_Skywalker,"$32,165,681 ",https://www.rottentomatoes.com/m/star_wars_the_rise_of_skywalker,
24-Dec-19,,,Tuesday,358,"$36,838,699 ",-22%,157.10%,49,Star_Wars_Episode_IX_The_Rise_of_Skywalker,"$20,270,474 ",https://www.rottentomatoes.com/m/star_wars_the_rise_of_skywalker,
23-Dec-19,,,Monday,357,"$47,229,945 ",-24.70%,455.10%,52,Star_Wars_Episode_IX_The_Rise_of_Skywalker,"$29,389,847 ",https://www.rottentomatoes.com/m/star_wars_the_rise_of_skywalker,
22-Dec-19,,,Sunday,356,"$62,731,517 ",-12.90%,107.20%,51,Star_Wars_Episode_IX_The_Rise_of_Skywalker,"$40,301,011 ",https://www.rottentomatoes.com/m/star_wars_the_rise_of_skywalker,
21-Dec-19,,,Saturday,355,"$72,035,124 ",-33.60%,56.40%,51,Star_Wars_Episode_IX_The_Rise_of_Skywalker,"$47,467,565 ",https://www.rottentomatoes.com/m/star_wars_the_rise_of_skywalker,
20-Dec-19,,,Friday,354,"$108,450,464 ",1279.30%,218.10%,51,Star_Wars_Episode_IX_The_Rise_of_Skywalker,"$89,615,288 ",https://www.rottentomatoes.com/m/star_wars_the_rise_of_skywalker,
19-Dec-19,,,Thursday,353,"$7,862,973 ",-11.30%,39.30%,54,Jumanji_The_Next_Level,"$3,215,901 ",https://www.rottentomatoes.com/m/Jumanji_The_Next_Level,
18-Dec-19,,,Wednesday,352,"$8,860,729 ",-38.20%,35.60%,54,Jumanji_The_Next_Level,"$3,456,336 ",https://www.rottentomatoes.com/m/Jumanji_The_Next_Level,
17-Dec-19,,,Tuesday,351,"$14,327,480 ",68.40%,35.10%,53,Jumanji_The_Next_Level,"$6,301,757 ",https://www.rottentomatoes.com/m/Jumanji_The_Next_Level,
16-Dec-19,,,Monday,350,"$8,508,581 ",-71.90%,39%,54,Jumanji_The_Next_Level,"$3,585,828 ",https://www.rottentomatoes.com/m/Jumanji_The_Next_Level,
15-Dec-19,,,Sunday,349,"$30,280,587 ",-34.30%,27.30%,59,Jumanji_The_Next_Level,"$15,917,973 ",https://www.rottentomatoes.com/m/Jumanji_The_Next_Level,
14-Dec-19,,,Saturday,348,"$46,058,861 ",35.10%,30%,58,Jumanji_The_Next_Level,"$23,610,586 ",https://www.rottentomatoes.com/m/Jumanji_The_Next_Level,
13-Dec-19,,,Friday,347,"$34,092,053 ",504%,63.80%,56,Jumanji_The_Next_Level,"$19,722,984 ",https://www.rottentomatoes.com/m/Jumanji_The_Next_Level,
12-Dec-19,,,Thursday,346,"$5,643,980 ",-13.60%,-29.30%,54,Frozen_II,"$1,758,492 ",https://www.rottentomatoes.com/m/Frozen_II,
11-Dec-19,,,Wednesday,345,"$6,533,255 ",-38.40%,-21.70%,56,Frozen_II,"$2,034,899 ",https://www.rottentomatoes.com/m/Frozen_II,
10-Dec-19,,,Tuesday,344,"$10,602,743 ",73.30%,-24%,55,Frozen_II,"$3,585,256 ",https://www.rottentomatoes.com/m/Frozen_II,
9-Dec-19,,,Monday,343,"$6,119,141 ",-74.30%,-32.60%,56,Frozen_II,"$1,890,910 ",https://www.rottentomatoes.com/m/Frozen_II,
8-Dec-19,,,Sunday,342,"$23,778,027 ",-32.90%,-35.90%,56,Frozen_II,"$11,298,128 ",https://www.rottentomatoes.com/m/Frozen_II,
7-Dec-19,,,Saturday,341,"$35,416,686 ",70.10%,-44.30%,54,Frozen_II,"$16,050,532 ",https://www.rottentomatoes.com/m/Frozen_II,
6-Dec-19,,,Friday,340,"$20,815,381 ",160.60%,-68.70%,53,Frozen_II,"$7,816,954 ",https://www.rottentomatoes.com/m/Frozen_II,
5-Dec-19,,,Thursday,339,"$7,986,180 ",-4.30%,-75.80%,53,Frozen_II,"$2,730,406 ",https://www.rottentomatoes.com/m/Frozen_II,
4-Dec-19,,,Wednesday,338,"$8,346,926 ",-40.20%,-80.80%,54,Frozen_II,"$2,824,699 ",https://www.rottentomatoes.com/m/Frozen_II,
3-Dec-19,,,Tuesday,337,"$13,957,681 ",53.70%,-55.40%,54,Frozen_II,"$5,336,770 ",https://www.rottentomatoes.com/m/Frozen_II,
2-Dec-19,,,Monday,336,"$9,080,802 ",-75.50%,-53.60%,54,Frozen_II,"$3,187,895 ",https://www.rottentomatoes.com/m/Frozen_II,
1-Dec-19,,,Sunday,335,"$37,085,196 ",-41.70%,-32%,53,Frozen_II,"$19,482,892 ",https://www.rottentomatoes.com/m/Frozen_II,
30-Nov-19,,,Saturday,334,"$63,577,988 ",-4.50%,-15%,51,Frozen_II,"$32,363,967 ",https://www.rottentomatoes.com/m/Frozen_II,
29-Nov-19,,,Friday,333,"$66,606,168 ",101.90%,9.70%,51,Frozen_II,"$34,130,914 ",https://www.rottentomatoes.com/m/Frozen_II,
28-Nov-19,,Thanksgiving,Thursday,332,"$32,997,845 ",-17.60%,-11.20%,53,Frozen_II,"$14,960,468 ",https://www.rottentomatoes.com/m/Frozen_II,
27-Nov-19,,,Wednesday,331,"$43,551,766 ",39.30%,523.70%,53,Frozen_II,"$24,080,546 ",https://www.rottentomatoes.com/m/Frozen_II,
26-Nov-19,,,Tuesday,330,"$31,266,098 ",59.80%,179.60%,53,Frozen_II,"$20,791,974 ",https://www.rottentomatoes.com/m/Frozen_II,
25-Nov-19,,,Monday,329,"$19,568,580 ",-64.10%,191.50%,55,Frozen_II,"$12,771,012 ",https://www.rottentomatoes.com/m/Frozen_II,
24-Nov-19,,,Sunday,328,"$54,569,715 ",-27.10%,129.90%,57,Frozen_II,"$38,017,065 ",https://www.rottentomatoes.com/m/Frozen_II,
23-Nov-19,,,Saturday,327,"$74,835,863 ",23.20%,96.30%,57,Frozen_II,"$50,041,031 ",https://www.rottentomatoes.com/m/Frozen_II,
22-Nov-19,,,Friday,326,"$60,740,243 ",944.90%,118.80%,56,Frozen_II,"$42,205,262 ",https://www.rottentomatoes.com/m/Frozen_II,
21-Nov-19,,,Thursday,325,"$5,812,815 ",-16.80%,-7.90%,56,Ford_v_Ferrari,"$2,023,953 ",https://www.rottentomatoes.com/m/Ford_v_Ferrari,
20-Nov-19,,,Wednesday,324,"$6,982,607 ",-37.60%,5.30%,57,Ford_v_Ferrari,"$2,409,124 ",https://www.rottentomatoes.com/m/Ford_v_Ferrari,
19-Nov-19,,,Tuesday,323,"$11,181,619 ",66.60%,-0.40%,58,Ford_v_Ferrari,"$3,721,314 ",https://www.rottentomatoes.com/m/Ford_v_Ferrari,
18-Nov-19,,,Monday,322,"$6,713,649 ",-71.70%,-57.80%,59,Ford_v_Ferrari,"$2,360,221 ",https://www.rottentomatoes.com/m/Ford_v_Ferrari,
17-Nov-19,,,Sunday,321,"$23,739,106 ",-37.70%,-19.70%,60,Ford_v_Ferrari,"$8,053,816 ",https://www.rottentomatoes.com/m/Ford_v_Ferrari,
16-Nov-19,,,Saturday,320,"$38,123,029 ",37.30%,-5.60%,58,Ford_v_Ferrari,"$12,409,617 ",https://www.rottentomatoes.com/m/Ford_v_Ferrari,
15-Nov-19,,,Friday,319,"$27,764,908 ",339.90%,-9.70%,58,Ford_v_Ferrari,"$11,011,525 ",https://www.rottentomatoes.com/m/Ford_v_Ferrari,
14-Nov-19,,,Thursday,318,"$6,311,446 ",-4.80%,0.60%,56,Midway,"$1,329,821 ",https://www.rottentomatoes.com/m/Midway_2019,
13-Nov-19,,,Wednesday,317,"$6,631,735 ",-40.90%,-3.70%,56,Midway,"$1,486,389 ",https://www.rottentomatoes.com/m/Midway_2019,
12-Nov-19,,,Tuesday,316,"$11,228,501 ",-29.40%,-14.80%,60,Midway,"$2,427,046 ",https://www.rottentomatoes.com/m/Midway_2019,
11-Nov-19,,,Monday,315,"$15,901,040 ",-46.20%,106.10%,59,Midway,"$3,250,098 ",https://www.rottentomatoes.com/m/Midway_2019,
10-Nov-19,,,Sunday,314,"$29,556,564 ",-26.80%,7.50%,55,Midway,"$5,029,032 ",https://www.rottentomatoes.com/m/Midway_2019,
9-Nov-19,,,Saturday,313,"$40,390,774 ",31.30%,-3.80%,54,Midway,"$6,523,018 ",https://www.rottentomatoes.com/m/Midway_2019,
8-Nov-19,,,Friday,312,"$30,757,803 ",390.20%,2.80%,56,Midway,"$6,345,369 ",https://www.rottentomatoes.com/m/Midway_2019,
7-Nov-19,,,Thursday,311,"$6,273,986 ",-8.90%,-24.60%,55,Terminator_Dark_Fate,"$1,433,670 ",https://www.rottentomatoes.com/m/Terminator_Dark_Fate,
6-Nov-19,,,Wednesday,310,"$6,889,273 ",-47.70%,0.50%,57,Terminator_Dark_Fate,"$1,696,985 ",https://www.rottentomatoes.com/m/Terminator_Dark_Fate,
5-Nov-19,,,Tuesday,309,"$13,173,253 ",70.70%,18.60%,56,Terminator_Dark_Fate,"$3,429,579 ",https://www.rottentomatoes.com/m/Terminator_Dark_Fate,
4-Nov-19,,,Monday,308,"$7,716,943 ",-71.90%,-9.60%,55,Terminator_Dark_Fate,"$2,063,064 ",https://www.rottentomatoes.com/m/Terminator_Dark_Fate,
3-Nov-19,,,Sunday,307,"$27,483,885 ",-34.50%,1.10%,55,Terminator_Dark_Fate,"$7,512,332 ",https://www.rottentomatoes.com/m/Terminator_Dark_Fate,
2-Nov-19,,,Saturday,306,"$41,965,566 ",40.20%,9.90%,57,Terminator_Dark_Fate,"$10,970,370 ",https://www.rottentomatoes.com/m/Terminator_Dark_Fate,
1-Nov-19,,,Friday,305,"$29,928,048 ",259.60%,11.80%,54,Terminator_Dark_Fate,"$10,551,130 ",https://www.rottentomatoes.com/m/Terminator_Dark_Fate,
31-Oct-19,,Halloween,Thursday,304,"$8,323,323 ",-24.50%,9.10%,54,Joker,"$1,886,940 ",https://www.rottentomatoes.com/m/Joker_2019,
30-Oct-19,,,Wednesday,303,"$6,852,150 ",-38.30%,-21%,57,Joker,"$1,631,209 ",https://www.rottentomatoes.com/m/Joker_2019,
29-Oct-19,,,Tuesday,302,"$11,111,558 ",30.20%,-27.40%,57,Joker,"$2,468,414 ",https://www.rottentomatoes.com/m/Joker_2019,
28-Oct-19,,,Monday,301,"$8,533,752 ",-68.60%,-14.30%,60,Joker,"$1,768,872 ",https://www.rottentomatoes.com/m/Joker_2019,
27-Oct-19,,,Sunday,300,"$27,178,626 ",-28.80%,-24%,64,Maleficent_Mistress_of_Evil,"$6,184,545 ",https://www.rottentomatoes.com/m/Maleficent_Mistress_of_Evil,
26-Oct-19,,,Saturday,299,"$38,191,089 ",42.60%,-27.50%,60,Maleficent_Mistress_of_Evil,"$8,270,749 ",https://www.rottentomatoes.com/m/Maleficent_Mistress_of_Evil,
25-Oct-19,,,Friday,298,"$26,776,569 ",200.80%,-35.40%,60,Joker,"$5,500,308 ",https://www.rottentomatoes.com/m/Joker_2019,
24-Oct-19,,,Thursday,297,"$8,900,850 ",2.70%,-3.20%,63,Joker,"$2,413,101 ",https://www.rottentomatoes.com/m/Joker_2019,
23-Oct-19,,,Wednesday,296,"$8,669,482 ",-43.30%,-16.90%,62,Joker,"$2,450,143 ",https://www.rottentomatoes.com/m/Joker_2019,
22-Oct-19,,,Tuesday,295,"$15,298,320 ",53.70%,-4.70%,63,Maleficent_Mistress_of_Evil,"$3,983,871 ",https://www.rottentomatoes.com/m/Maleficent_Mistress_of_Evil,
21-Oct-19,,,Monday,294,"$9,955,759 ",-72.20%,-50%,60,Joker,"$2,742,836 ",https://www.rottentomatoes.com/m/Joker_2019,
20-Oct-19,,,Sunday,293,"$35,771,954 ",-32.10%,-7%,62,Maleficent_Mistress_of_Evil,"$10,183,290 ",https://www.rottentomatoes.com/m/Maleficent_Mistress_of_Evil,
19-Oct-19,,,Saturday,292,"$52,663,412 ",27.10%,0.40%,62,Maleficent_Mistress_of_Evil,"$14,213,517 ",https://www.rottentomatoes.com/m/Maleficent_Mistress_of_Evil,
18-Oct-19,,,Friday,291,"$41,424,039 ",350.30%,-1.40%,62,Maleficent_Mistress_of_Evil,"$12,551,906 ",https://www.rottentomatoes.com/m/Maleficent_Mistress_of_Evil,
17-Oct-19,,,Thursday,290,"$9,199,641 ",-11.80%,-23.90%,53,Joker,"$4,203,631 ",https://www.rottentomatoes.com/m/Joker_2019,
16-Oct-19,,,Wednesday,289,"$10,427,444 ",-35.10%,-29.10%,54,Joker,"$4,910,895 ",https://www.rottentomatoes.com/m/Joker_2019,
15-Oct-19,,,Tuesday,288,"$16,059,741 ",-19.40%,-22.20%,56,Joker,"$6,973,525 ",https://www.rottentomatoes.com/m/Joker_2019,
14-Oct-19,,Columbus Day,Monday,287,"$19,926,553 ",-18.20%,13.40%,56,Joker,"$8,345,763 ",https://www.rottentomatoes.com/m/Joker_2019,
13-Oct-19,,,Sunday,286,"$38,469,877 ",-26.60%,2%,55,Joker,"$16,817,239 ",https://www.rottentomatoes.com/m/Joker_2019,
12-Oct-19,,,Saturday,285,"$52,436,937 ",24.90%,-0.80%,54,Joker,"$22,137,778 ",https://www.rottentomatoes.com/m/Joker_2019,
11-Oct-19,,,Friday,284,"$41,999,399 ",247.50%,-19.50%,52,Joker,"$16,906,386 ",https://www.rottentomatoes.com/m/Joker_2019,
10-Oct-19,,,Thursday,283,"$12,087,094 ",-17.80%,116.30%,53,Joker,"$8,304,063 ",https://www.rottentomatoes.com/m/Joker_2019,
9-Oct-19,,,Wednesday,282,"$14,700,112 ",-28.80%,96.10%,52,Joker,"$9,611,712 ",https://www.rottentomatoes.com/m/Joker_2019,
8-Oct-19,,,Tuesday,281,"$20,641,366 ",48.90%,92.20%,51,Joker,"$13,908,626 ",https://www.rottentomatoes.com/m/Joker_2019,
7-Oct-19,,,Monday,280,"$13,860,697 ",-63.30%,81%,50,Joker,"$9,702,049 ",https://www.rottentomatoes.com/m/Joker_2019,
6-Oct-19,,,Sunday,279,"$37,717,482 ",-28.70%,65.30%,56,Joker,"$24,374,841 ",https://www.rottentomatoes.com/m/Joker_2019,
5-Oct-19,,,Saturday,278,"$52,865,777 ",1.30%,43.70%,56,Joker,"$32,476,803 ",https://www.rottentomatoes.com/m/Joker_2019,
4-Oct-19,,,Friday,277,"$52,170,134 ",833.70%,115.30%,55,Joker,"$39,350,693 ",https://www.rottentomatoes.com/m/Joker_2019,
3-Oct-19,,,Thursday,276,"$5,587,741 ",-25.50%,-31.30%,56,Downton_Abbey,"$1,568,515 ",https://www.rottentomatoes.com/m/Downton_Abbey,
2-Oct-19,,,Wednesday,275,"$7,495,381 ",-30.20%,-13.70%,58,Downton_Abbey,"$1,730,210 ",https://www.rottentomatoes.com/m/Downton_Abbey,
1-Oct-19,,,Tuesday,274,"$10,738,972 ",40.20%,-22.20%,57,Downton_Abbey,"$2,310,230 ",https://www.rottentomatoes.com/m/Downton_Abbey,
30-Sep-19,,,Monday,273,"$7,658,431 ",-66.40%,-26.30%,56,Downton_Abbey,"$1,668,095 ",https://www.rottentomatoes.com/m/Downton_Abbey,
29-Sep-19,,,Sunday,272,"$22,818,240 ",-38%,-20.50%,58,Abominable,"$5,961,755 ",https://www.rottentomatoes.com/m/Abominable,
28-Sep-19,,,Saturday,271,"$36,793,199 ",51.80%,-15.50%,57,Abominable,"$8,995,905 ",https://www.rottentomatoes.com/m/Abominable,
27-Sep-19,,,Friday,270,"$24,234,037 ",197.90%,-41.20%,54,Abominable,"$5,654,440 ",https://www.rottentomatoes.com/m/Abominable,
26-Sep-19,,,Thursday,269,"$8,136,114 ",-6.40%,34.50%,59,Downton_Abbey,"$2,641,420 ",https://www.rottentomatoes.com/m/Downton_Abbey,
25-Sep-19,,,Wednesday,268,"$8,688,411 ",-37%,25.20%,62,Downton_Abbey,"$2,901,490 ",https://www.rottentomatoes.com/m/Downton_Abbey,
24-Sep-19,,,Tuesday,267,"$13,799,906 ",32.80%,21.20%,62,Downton_Abbey,"$4,145,420 ",https://www.rottentomatoes.com/m/Downton_Abbey,
23-Sep-19,,,Monday,266,"$10,395,122 ",-63.80%,27.50%,62,Downton_Abbey,"$3,287,855 ",https://www.rottentomatoes.com/m/Downton_Abbey,
22-Sep-19,,,Sunday,265,"$28,690,303 ",-34.10%,19.30%,65,Downton_Abbey,"$7,639,965 ",https://www.rottentomatoes.com/m/Downton_Abbey,
21-Sep-19,,,Saturday,264,"$43,535,907 ",5.70%,7.30%,64,Downton_Abbey,"$9,564,725 ",https://www.rottentomatoes.com/m/Downton_Abbey,
20-Sep-19,,,Friday,263,"$41,188,444 ",580.60%,26.40%,65,Downton_Abbey,"$13,828,975 ",https://www.rottentomatoes.com/m/Downton_Abbey,
19-Sep-19,,,Thursday,262,"$6,051,388 ",-12.80%,-7.50%,59,Hustlers,"$2,346,300 ",https://www.rottentomatoes.com/m/Hustlers_2019,
18-Sep-19,,,Wednesday,261,"$6,936,968 ",-39.10%,-7.60%,60,Hustlers,"$2,635,483 ",https://www.rottentomatoes.com/m/Hustlers_2019,
17-Sep-19,,,Tuesday,260,"$11,384,163 ",39.60%,-8.60%,61,Hustlers,"$4,633,021 ",https://www.rottentomatoes.com/m/Hustlers_2019,
16-Sep-19,,,Monday,259,"$8,155,037 ",-66.10%,1.50%,60,Hustlers,"$2,749,048 ",https://www.rottentomatoes.com/m/Hustlers_2019,
15-Sep-19,,,Sunday,258,"$24,056,556 ",-40.70%,-18.70%,59,It_Chapter_Two,"$9,448,683 ",https://www.rottentomatoes.com/m/It_Chapter_Two,
14-Sep-19,,,Saturday,257,"$40,561,993 ",24.50%,-16.20%,57,It_Chapter_Two,"$17,300,571 ",https://www.rottentomatoes.com/m/It_Chapter_Two,
13-Sep-19,,,Friday,256,"$32,586,848 ",398.20%,-28.90%,58,Hustlers,"$13,099,693 ",https://www.rottentomatoes.com/m/Hustlers_2019,
12-Sep-19,,,Thursday,255,"$6,541,316 ",-12.90%,88.80%,54,It_Chapter_Two,"$4,000,302 ",https://www.rottentomatoes.com/m/It_Chapter_Two,
11-Sep-19,,,Wednesday,254,"$7,507,747 ",-39.70%,74%,54,It_Chapter_Two,"$4,521,469 ",https://www.rottentomatoes.com/m/It_Chapter_Two,
10-Sep-19,,,Tuesday,253,"$12,456,628 ",55%,77.90%,57,It_Chapter_Two,"$8,006,196 ",https://www.rottentomatoes.com/m/It_Chapter_Two,
9-Sep-19,,,Monday,252,"$8,036,232 ",-72.80%,-60.70%,56,It_Chapter_Two,"$5,478,405 ",https://www.rottentomatoes.com/m/It_Chapter_Two,
8-Sep-19,,,Sunday,251,"$29,572,976 ",-38.90%,19.30%,56,It_Chapter_Two,"$20,391,269 ",https://www.rottentomatoes.com/m/It_Chapter_Two,
7-Sep-19,,,Saturday,250,"$48,386,580 ",5.60%,102.80%,57,It_Chapter_Two,"$33,627,227 ",https://www.rottentomatoes.com/m/It_Chapter_Two,
6-Sep-19,,,Friday,249,"$45,819,096 ",1222.50%,197.10%,57,It_Chapter_Two,"$37,043,656 ",https://www.rottentomatoes.com/m/It_Chapter_Two,
5-Sep-19,,,Thursday,248,"$3,464,521 ",-19.70%,-53.60%,53,Angel_Has_Fallen,"$682,666 ",https://www.rottentomatoes.com/m/Angel_Has_Fallen,
4-Sep-19,,,Wednesday,247,"$4,314,204 ",-38.40%,-44.90%,56,Angel_Has_Fallen,"$844,855 ",https://www.rottentomatoes.com/m/Angel_Has_Fallen,
3-Sep-19,,,Tuesday,246,"$7,000,338 ",-65.80%,-46.80%,55,Angel_Has_Fallen,"$1,443,720 ",https://www.rottentomatoes.com/m/Angel_Has_Fallen,
2-Sep-19,,Labor Day,Monday,245,"$20,450,930 ",-10.40%,-7.20%,57,Angel_Has_Fallen,"$3,575,630 ",https://www.rottentomatoes.com/m/Angel_Has_Fallen,
1-Sep-19,,,Sunday,244,"$24,787,874 ",3.90%,-1.30%,59,Angel_Has_Fallen,"$4,559,659 ",https://www.rottentomatoes.com/m/Angel_Has_Fallen,
31-Aug-19,,,Saturday,243,"$23,864,410 ",54.80%,-32.40%,58,Angel_Has_Fallen,"$4,349,033 ",https://www.rottentomatoes.com/m/Angel_Has_Fallen,
30-Aug-19,,,Friday,242,"$15,420,754 ",106.50%,-43.90%,57,Angel_Has_Fallen,"$2,890,717 ",https://www.rottentomatoes.com/m/Angel_Has_Fallen,
29-Aug-19,,,Thursday,241,"$7,467,977 ",-4.70%,-17.90%,59,Angel_Has_Fallen,"$1,347,287 ",https://www.rottentomatoes.com/m/Angel_Has_Fallen,
28-Aug-19,,,Wednesday,240,"$7,832,897 ",-40.50%,-32.10%,60,Angel_Has_Fallen,"$1,568,899 ",https://www.rottentomatoes.com/m/Angel_Has_Fallen,
27-Aug-19,,,Tuesday,239,"$13,158,948 ",61.10%,-15.60%,59,Angel_Has_Fallen,"$2,995,970 ",https://www.rottentomatoes.com/m/Angel_Has_Fallen,
26-Aug-19,,,Monday,238,"$8,169,076 ",-67.50%,-21.70%,62,Angel_Has_Fallen,"$1,821,078 ",https://www.rottentomatoes.com/m/Angel_Has_Fallen,
25-Aug-19,,,Sunday,237,"$25,119,532 ",-28.80%,-15.50%,63,Angel_Has_Fallen,"$5,633,675 ",https://www.rottentomatoes.com/m/Angel_Has_Fallen,
24-Aug-19,,,Saturday,236,"$35,293,890 ",28.40%,-13.30%,62,Angel_Has_Fallen,"$7,788,659 ",https://www.rottentomatoes.com/m/Angel_Has_Fallen,
23-Aug-19,,,Friday,235,"$27,485,690 ",202.30%,-12.50%,61,Angel_Has_Fallen,"$7,958,653 ",https://www.rottentomatoes.com/m/Angel_Has_Fallen,
22-Aug-19,,,Thursday,234,"$9,092,749 ",-21.20%,-23.10%,51,Good_Boys,"$1,703,105 ",https://www.rottentomatoes.com/m/Good_Boys_2019,
21-Aug-19,,,Wednesday,233,"$11,542,194 ",-26%,-17.20%,52,Good_Boys,"$1,935,025 ",https://www.rottentomatoes.com/m/Good_Boys_2019,
20-Aug-19,,,Tuesday,232,"$15,588,539 ",49.40%,-35.60%,54,Good_Boys,"$3,030,740 ",https://www.rottentomatoes.com/m/Good_Boys_2019,
19-Aug-19,,,Monday,231,"$10,432,200 ",-64.90%,-26.50%,53,Good_Boys,"$2,236,030 ",https://www.rottentomatoes.com/m/Good_Boys_2019,
18-Aug-19,,,Sunday,230,"$29,728,957 ",-27%,-15.40%,56,Good_Boys,"$5,757,845 ",https://www.rottentomatoes.com/m/Good_Boys_2019,
17-Aug-19,,,Saturday,229,"$40,704,669 ",29.50%,-12.80%,57,Good_Boys,"$7,329,780 ",https://www.rottentomatoes.com/m/Good_Boys_2019,
16-Aug-19,,,Friday,228,"$31,424,008 ",165.60%,-20.60%,56,Good_Boys,"$8,314,980 ",https://www.rottentomatoes.com/m/Good_Boys_2019,
15-Aug-19,,,Thursday,227,"$11,830,013 ",-15.20%,-14.20%,56,Fast_&_Furious_Presents_Hobbs_&_Shaw,"$2,015,545 ",https://www.rottentomatoes.com/m/Fast_&_Furious_Presents_Hobbs_&_Shaw,
14-Aug-19,,,Wednesday,226,"$13,942,664 ",-42.40%,-12.10%,55,Fast_&_Furious_Presents_Hobbs_&_Shaw,"$2,315,680 ",https://www.rottentomatoes.com/m/Fast_&_Furious_Presents_Hobbs_&_Shaw,
13-Aug-19,,,Tuesday,225,"$24,203,103 ",70.60%,-4.40%,56,Fast_&_Furious_Presents_Hobbs_&_Shaw,"$4,181,885 ",https://www.rottentomatoes.com/m/Fast_&_Furious_Presents_Hobbs_&_Shaw,
12-Aug-19,,,Monday,224,"$14,187,971 ",-59.60%,-17.70%,54,Fast_&_Furious_Presents_Hobbs_&_Shaw,"$2,708,915 ",https://www.rottentomatoes.com/m/Fast_&_Furious_Presents_Hobbs_&_Shaw,
11-Aug-19,,,Sunday,223,"$35,140,187 ",-24.70%,-15.70%,58,Fast_&_Furious_Presents_Hobbs_&_Shaw,"$7,739,550 ",https://www.rottentomatoes.com/m/Fast_&_Furious_Presents_Hobbs_&_Shaw,
10-Aug-19,,,Saturday,222,"$46,654,263 ",17.90%,-14.10%,56,Fast_&_Furious_Presents_Hobbs_&_Shaw,"$10,456,315 ",https://www.rottentomatoes.com/m/Fast_&_Furious_Presents_Hobbs_&_Shaw,
9-Aug-19,,,Friday,221,"$39,577,161 ",187.10%,-17.40%,55,Scary_Stories_to_Tell_in_the_Dark,"$8,781,643 ",https://www.rottentomatoes.com/m/Scary_Stories_to_Tell_in_the_Dark,
8-Aug-19,,,Thursday,220,"$13,785,009 ",-13.10%,-12.90%,53,The_Lion_King,"$4,185,359 ",https://www.rottentomatoes.com/m/The_Lion_King,
7-Aug-19,,,Wednesday,219,"$15,855,534 ",-37.30%,-14.30%,51,The_Lion_King,"$4,910,061 ",https://www.rottentomatoes.com/m/The_Lion_King,
6-Aug-19,,,Tuesday,218,"$25,305,046 ",46.80%,-13.70%,51,Fast_&_Furious_Presents_Hobbs_&_Shaw,"$8,514,380 ",https://www.rottentomatoes.com/m/Fast_&_Furious_Presents_Hobbs_&_Shaw,
5-Aug-19,,,Monday,217,"$17,236,644 ",-58.60%,-10.80%,50,Fast_&_Furious_Presents_Hobbs_&_Shaw,"$5,871,570 ",https://www.rottentomatoes.com/m/Fast_&_Furious_Presents_Hobbs_&_Shaw,
4-Aug-19,,,Sunday,216,"$41,679,822 ",-23.20%,-11.40%,52,Fast_&_Furious_Presents_Hobbs_&_Shaw,"$15,880,625 ",https://www.rottentomatoes.com/m/Fast_&_Furious_Presents_Hobbs_&_Shaw,
3-Aug-19,,,Saturday,215,"$54,293,364 ",13.30%,-7%,51,Fast_&_Furious_Presents_Hobbs_&_Shaw,"$20,552,805 ",https://www.rottentomatoes.com/m/Fast_&_Furious_Presents_Hobbs_&_Shaw,
2-Aug-19,,,Friday,214,"$47,920,126 ",202.60%,-4.60%,52,Fast_&_Furious_Presents_Hobbs_&_Shaw,"$23,605,520 ",https://www.rottentomatoes.com/m/Fast_&_Furious_Presents_Hobbs_&_Shaw,
1-Aug-19,,,Thursday,213,"$15,834,506 ",-14.40%,-29.40%,45,The_Lion_King,"$7,560,936 ",https://www.rottentomatoes.com/m/The_Lion_King_2019,
31-Jul-19,,,Wednesday,212,"$18,500,578 ",-36.90%,-26.50%,48,The_Lion_King,"$8,809,285 ",https://www.rottentomatoes.com/m/The_Lion_King_2019,
30-Jul-19,,,Tuesday,211,"$29,311,742 ",51.60%,-32.60%,47,The_Lion_King,"$15,218,959 ",https://www.rottentomatoes.com/m/The_Lion_King_2019,
29-Jul-19,,,Monday,210,"$19,331,379 ",-58.90%,-34.40%,49,The_Lion_King,"$9,180,811 ",https://www.rottentomatoes.com/m/The_Lion_King_2019,
28-Jul-19,,,Sunday,209,"$47,030,908 ",-19.40%,-34.70%,50,The_Lion_King,"$24,321,631 ",https://www.rottentomatoes.com/m/The_Lion_King_2019,
27-Jul-19,,,Saturday,208,"$58,380,588 ",16.30%,-31.90%,48,The_Lion_King,"$29,867,757 ",https://www.rottentomatoes.com/m/The_Lion_King_2019,
26-Jul-19,,,Friday,207,"$50,211,408 ",123.80%,-47.60%,48,The_Lion_King,"$22,432,165 ",https://www.rottentomatoes.com/m/The_Lion_King_2019,
25-Jul-19,,,Thursday,206,"$22,440,847 ",-10.80%,76.60%,50,The_Lion_King,"$15,000,934 ",https://www.rottentomatoes.com/m/The_Lion_King_2019,
24-Jul-19,,,Wednesday,205,"$25,169,227 ",-42.10%,61.10%,51,The_Lion_King,"$17,037,057 ",https://www.rottentomatoes.com/m/The_Lion_King_2019,
23-Jul-19,,,Tuesday,204,"$43,501,186 ",47.60%,84.60%,49,The_Lion_King,"$30,392,565 ",https://www.rottentomatoes.com/m/The_Lion_King_2019,
22-Jul-19,,,Monday,203,"$29,473,548 ",-59.10%,103.80%,49,The_Lion_King,"$21,050,219 ",https://www.rottentomatoes.com/m/The_Lion_King_2019,
21-Jul-19,,,Sunday,202,"$72,016,139 ",-16%,110.40%,53,The_Lion_King,"$52,832,619 ",https://www.rottentomatoes.com/m/The_Lion_King_2019,
20-Jul-19,,,Saturday,201,"$85,766,043 ",-10.50%,92.50%,54,The_Lion_King,"$61,007,382 ",https://www.rottentomatoes.com/m/The_Lion_King_2019,
19-Jul-19,,,Friday,200,"$95,837,058 ",654.40%,170.10%,53,The_Lion_King,"$77,930,758 ",https://www.rottentomatoes.com/m/The_Lion_King_2019,
18-Jul-19,,,Thursday,199,"$12,703,690 ",-18.70%,-35.40%,56,Spider-Man_Far_from_Home,"$4,318,365 ",https://www.rottentomatoes.com/m/Spider-Man_Far_from_Home,
17-Jul-19,,,Wednesday,198,"$15,623,748 ",-33.70%,-21.90%,57,Spider-Man_Far_from_Home,"$5,408,839 ",https://www.rottentomatoes.com/m/Spider-Man_Far_from_Home,
16-Jul-19,,,Tuesday,197,"$23,559,110 ",62.90%,-23.80%,57,Spider-Man_Far_from_Home,"$8,822,096 ",https://www.rottentomatoes.com/m/Spider-Man_Far_from_Home,
15-Jul-19,,,Monday,196,"$14,464,894 ",-57.70%,-31.90%,57,Spider-Man_Far_from_Home,"$5,527,448 ",https://www.rottentomatoes.com/m/Spider-Man_Far_from_Home,
14-Jul-19,,,Sunday,195,"$34,226,276 ",-23.20%,-27.90%,60,Spider-Man_Far_from_Home,"$13,905,390 ",https://www.rottentomatoes.com/m/Spider-Man_Far_from_Home,
13-Jul-19,,,Saturday,194,"$44,559,486 ",25.60%,-32.30%,57,Spider-Man_Far_from_Home,"$18,110,228 ",https://www.rottentomatoes.com/m/Spider-Man_Far_from_Home,
12-Jul-19,,,Friday,193,"$35,475,721 ",80.40%,-41.80%,57,Spider-Man_Far_from_Home,"$13,337,741 ",https://www.rottentomatoes.com/m/Spider-Man_Far_from_Home,
11-Jul-19,,,Thursday,192,"$19,663,316 ",-1.70%,-55.60%,47,Spider-Man_Far_from_Home,"$8,928,353 ",https://www.rottentomatoes.com/m/Spider-Man_Far_from_Home,
10-Jul-19,,,Wednesday,191,"$20,000,403 ",-35.30%,-57.20%,44,Spider-Man_Far_from_Home,"$9,225,531 ",https://www.rottentomatoes.com/m/Spider-Man_Far_from_Home,
9-Jul-19,,,Tuesday,190,"$30,897,294 ",45.50%,-48.50%,44,Spider-Man_Far_from_Home,"$15,135,394 ",https://www.rottentomatoes.com/m/Spider-Man_Far_from_Home,
8-Jul-19,,,Monday,189,"$21,229,116 ",-55.30%,13.60%,47,Spider-Man_Far_from_Home,"$10,876,965 ",https://www.rottentomatoes.com/m/Spider-Man_Far_from_Home,
7-Jul-19,,,Sunday,188,"$47,498,221 ",-27.80%,9%,51,Spider-Man_Far_from_Home,"$25,675,559 ",https://www.rottentomatoes.com/m/Spider-Man_Far_from_Home,
6-Jul-19,,,Saturday,187,"$65,786,028 ",8%,23.10%,51,Spider-Man_Far_from_Home,"$34,222,790 ",https://www.rottentomatoes.com/m/Spider-Man_Far_from_Home,
5-Jul-19,,,Friday,186,"$60,925,419 ",37.70%,45.80%,51,Spider-Man_Far_from_Home,"$32,680,863 ",https://www.rottentomatoes.com/m/Spider-Man_Far_from_Home,
4-Jul-19,,Independence Day,Thursday,185,"$44,249,306 ",8.90%,-11.80%,54,Spider-Man_Far_from_Home,"$25,720,128 ",https://www.rottentomatoes.com/m/Spider-Man_Far_from_Home,
3-Jul-19,,,Wednesday,184,"$46,767,912 ",-22.10%,77.90%,52,Spider-Man_Far_from_Home,"$27,508,094 ",https://www.rottentomatoes.com/m/Spider-Man_Far_from_Home,
2-Jul-19,,,Tuesday,183,"$60,024,135 ",221.20%,81.80%,54,Spider-Man_Far_from_Home,"$39,255,628 ",https://www.rottentomatoes.com/m/Spider-Man_Far_from_Home,
1-Jul-19,,,Monday,182,"$18,689,812 ",-57.10%,-17.80%,52,Toy_Story_4,"$7,960,780 ",https://www.rottentomatoes.com/m/Toy_Story_4,
30-Jun-19,,,Sunday,181,"$43,582,581 ",-18.50%,-18.90%,55,Toy_Story_4,"$19,567,240 ",https://www.rottentomatoes.com/m/Toy_Story_4,
29-Jun-19,,,Saturday,180,"$53,451,424 ",27.90%,-19.10%,56,Toy_Story_4,"$23,043,114 ",https://www.rottentomatoes.com/m/Toy_Story_4,
28-Jun-19,,,Friday,179,"$41,791,073 ",88.40%,-40.60%,55,Toy_Story_4,"$17,089,977 ",https://www.rottentomatoes.com/m/Toy_Story_4,
27-Jun-19,,,Thursday,178,"$22,177,539 ",-15.60%,79.70%,50,Toy_Story_4,"$11,407,113 ",https://www.rottentomatoes.com/m/Toy_Story_4,
26-Jun-19,,,Wednesday,177,"$26,283,471 ",-20.40%,85.30%,51,Toy_Story_4,"$11,950,952 ",https://www.rottentomatoes.com/m/Toy_Story_4,
25-Jun-19,,,Tuesday,176,"$33,013,551 ",45.20%,48.10%,52,Toy_Story_4,"$20,570,969 ",https://www.rottentomatoes.com/m/Toy_Story_4,
24-Jun-19,,,Monday,175,"$22,736,218 ",-57.70%,63.80%,51,Toy_Story_4,"$14,152,710 ",https://www.rottentomatoes.com/m/Toy_Story_4,
23-Jun-19,,,Sunday,174,"$53,715,735 ",-18.70%,24.90%,52,Toy_Story_4,"$33,976,333 ",https://www.rottentomatoes.com/m/Toy_Story_4,
22-Jun-19,,,Saturday,173,"$66,038,234 ",-6.20%,48%,52,Toy_Story_4,"$39,524,776 ",https://www.rottentomatoes.com/m/Toy_Story_4,
21-Jun-19,,,Friday,172,"$70,406,203 ",470.50%,93.60%,51,Toy_Story_4,"$47,406,956 ",https://www.rottentomatoes.com/m/Toy_Story_4,
20-Jun-19,,,Thursday,171,"$12,340,565 ",-13%,-14.50%,49,The_Secret_Life_of_Pets_2,"$3,035,540 ",https://www.rottentomatoes.com/m/The_Secret_Life_of_Pets_2,
19-Jun-19,,,Wednesday,170,"$14,180,615 ",-36.40%,-12.20%,50,The_Secret_Life_of_Pets_2,"$3,382,095 ",https://www.rottentomatoes.com/m/The_Secret_Life_of_Pets_2,
18-Jun-19,,,Tuesday,169,"$22,297,228 ",60.60%,-10.40%,49,The_Secret_Life_of_Pets_2,"$5,272,330 ",https://www.rottentomatoes.com/m/The_Secret_Life_of_Pets_2,
17-Jun-19,,,Monday,168,"$13,883,046 ",-67.70%,-16.80%,49,The_Secret_Life_of_Pets_2,"$2,951,020 ",https://www.rottentomatoes.com/m/The_Secret_Life_of_Pets_2,
16-Jun-19,,,Sunday,167,"$42,998,819 ",-3.60%,-7.10%,50,Men_in_Black_International,"$10,005,895 ",https://www.rottentomatoes.com/m/Men_in_Black_International,
15-Jun-19,,,Saturday,166,"$44,606,757 ",22.70%,-25.60%,49,Men_in_Black_International,"$9,525,079 ",https://www.rottentomatoes.com/m/Men_in_Black_International,
14-Jun-19,,,Friday,165,"$36,368,642 ",151.90%,-30.20%,49,Men_in_Black_International,"$10,504,864 ",https://www.rottentomatoes.com/m/Men_in_Black_International,
13-Jun-19,,,Thursday,164,"$14,439,375 ",-10.60%,-0.30%,54,The_Secret_Life_of_Pets_2,"$4,448,735 ",https://www.rottentomatoes.com/m/The_Secret_Life_of_Pets_2,
12-Jun-19,,,Wednesday,163,"$16,144,551 ",-35.20%,-0.60%,56,The_Secret_Life_of_Pets_2,"$4,458,830 ",https://www.rottentomatoes.com/m/The_Secret_Life_of_Pets_2,
11-Jun-19,,,Tuesday,162,"$24,897,611 ",49.20%,-1.20%,54,The_Secret_Life_of_Pets_2,"$7,158,305 ",https://www.rottentomatoes.com/m/The_Secret_Life_of_Pets_2,
10-Jun-19,,,Monday,161,"$16,691,424 ",-63.90%,1.20%,54,The_Secret_Life_of_Pets_2,"$4,600,840 ",https://www.rottentomatoes.com/m/The_Secret_Life_of_Pets_2,
9-Jun-19,,,Sunday,160,"$46,293,877 ",-22.80%,-3.40%,55,The_Secret_Life_of_Pets_2,"$13,282,010 ",https://www.rottentomatoes.com/m/The_Secret_Life_of_Pets_2,
8-Jun-19,,,Saturday,159,"$59,952,393 ",15%,-4.80%,55,The_Secret_Life_of_Pets_2,"$17,030,935 ",https://www.rottentomatoes.com/m/The_Secret_Life_of_Pets_2,
7-Jun-19,,,Friday,158,"$52,112,115 ",259.70%,-8.20%,55,The_Secret_Life_of_Pets_2,"$16,339,735 ",https://www.rottentomatoes.com/m/The_Secret_Life_of_Pets_2,
6-Jun-19,,,Thursday,157,"$14,487,434 ",-10.80%,17.90%,50,Aladdin,"$4,749,265 ",https://www.rottentomatoes.com/m/Aladdin,
5-Jun-19,,,Wednesday,156,"$16,234,086 ",-35.60%,10.80%,49,Aladdin,"$5,101,598 ",https://www.rottentomatoes.com/m/Aladdin,
4-Jun-19,,,Tuesday,155,"$25,193,976 ",52.80%,10.70%,50,Aladdin,"$7,797,927 ",https://www.rottentomatoes.com/m/Aladdin,
3-Jun-19,,,Monday,154,"$16,487,246 ",-65.60%,-65.10%,51,Aladdin,"$4,699,418 ",https://www.rottentomatoes.com/m/Aladdin,
2-Jun-19,,,Sunday,153,"$47,941,123 ",-23.80%,-19.10%,56,Aladdin,"$13,730,016 ",https://www.rottentomatoes.com/m/Aladdin,
1-Jun-19,,,Saturday,152,"$62,942,485 ",10.90%,5.80%,55,Aladdin,"$17,254,688 ",https://www.rottentomatoes.com/m/Aladdin,
31-May-19,,,Friday,151,"$56,752,712 ",362%,4.40%,55,Godzilla_King_of_the_Monsters,"$19,476,894 ",https://www.rottentomatoes.com/m/Godzilla_King_of_the_Monsters,
30-May-19,,,Thursday,150,"$12,283,803 ",-16.20%,29.20%,51,Aladdin,"$6,420,525 ",https://www.rottentomatoes.com/m/Aladdin,
29-May-19,,,Wednesday,149,"$14,658,294 ",-35.60%,40.20%,50,Aladdin,"$7,455,705 ",https://www.rottentomatoes.com/m/Aladdin,
28-May-19,,,Tuesday,148,"$22,750,090 ",-51.90%,39.20%,50,Aladdin,"$12,014,982 ",https://www.rottentomatoes.com/m/Aladdin,
27-May-19,,Memorial Day,Monday,147,"$47,274,838 ",10%,23.40%,52,Aladdin,"$25,305,033 ",https://www.rottentomatoes.com/m/Aladdin,
26-May-19,,,Sunday,146,"$59,290,524 ",-0.30%,47.40%,49,Aladdin,"$30,128,699 ",https://www.rottentomatoes.com/m/Aladdin,
25-May-19,,,Saturday,145,"$59,482,284 ",9.50%,8.50%,49,Aladdin,"$30,013,295 ",https://www.rottentomatoes.com/m/Aladdin,
24-May-19,,,Friday,144,"$54,336,217 ",471.60%,21.10%,50,Aladdin,"$31,358,935 ",https://www.rottentomatoes.com/m/Aladdin,
23-May-19,,,Thursday,143,"$9,506,456 ",-9.10%,4.10%,53,John_Wick_Chapter_3_Parabellum,"$3,461,362 ",https://www.rottentomatoes.com/m/John_Wick_Chapter_3_Parabellum,
22-May-19,,,Wednesday,142,"$10,453,056 ",-36%,3.20%,53,John_Wick_Chapter_3_Parabellum,"$4,141,103 ",https://www.rottentomatoes.com/m/John_Wick_Chapter_3_Parabellum,
21-May-19,,,Tuesday,141,"$16,345,241 ",13.10%,-0.70%,54,John_Wick_Chapter_3_Parabellum,"$6,495,961 ",https://www.rottentomatoes.com/m/John_Wick_Chapter_3_Parabellum,
20-May-19,,,Monday,140,"$14,450,842 ",-64.10%,20.20%,53,John_Wick_Chapter_3_Parabellum,"$5,722,448 ",https://www.rottentomatoes.com/m/John_Wick_Chapter_3_Parabellum,
19-May-19,,,Sunday,139,"$40,230,330 ",-26.60%,-16.80%,54,John_Wick_Chapter_3_Parabellum,"$14,568,438 ",https://www.rottentomatoes.com/m/John_Wick_Chapter_3_Parabellum,
18-May-19,,,Saturday,138,"$54,813,657 ",22.20%,-13.70%,52,John_Wick_Chapter_3_Parabellum,"$19,613,248 ",https://www.rottentomatoes.com/m/John_Wick_Chapter_3_Parabellum,
17-May-19,,,Friday,137,"$44,857,037 ",391.20%,-7.40%,54,John_Wick_Chapter_3_Parabellum,"$22,636,381 ",https://www.rottentomatoes.com/m/John_Wick_Chapter_3_Parabellum,
16-May-19,,,Thursday,136,"$9,131,851 ",-9.90%,-14%,54,Avengers_Endgame,"$3,416,496 ",https://www.rottentomatoes.com/m/Avengers_Endgame,
15-May-19,,,Wednesday,135,"$10,133,783 ",-38.50%,-13.80%,52,Avengers_Endgame,"$3,788,021 ",https://www.rottentomatoes.com/m/Avengers_Endgame,
14-May-19,,,Tuesday,134,"$16,466,714 ",37%,-9.80%,55,Avengers_Endgame,"$5,742,618 ",https://www.rottentomatoes.com/m/Avengers_Endgame,
13-May-19,,,Monday,133,"$12,017,630 ",-75.10%,-14.20%,54,Avengers_Endgame,"$4,702,092 ",https://www.rottentomatoes.com/m/Avengers_Endgame,
12-May-19,,,Sunday,132,"$48,353,838 ",-23.90%,-15.90%,59,Avengers_Endgame,"$19,567,066 ",https://www.rottentomatoes.com/m/Avengers_Endgame,
11-May-19,,,Saturday,131,"$63,550,881 ",31.20%,-21.30%,59,Avengers_Endgame,"$27,542,359 ",https://www.rottentomatoes.com/m/Avengers_Endgame,
10-May-19,,,Friday,130,"$48,449,057 ",356.50%,-13%,56,Pokemon_Detective_Pikachu,"$20,575,704 ",https://www.rottentomatoes.com/m/Pokemon_Detective_Pikachu,
9-May-19,,,Thursday,129,"$10,614,193 ",-9.80%,-56.10%,53,Avengers_Endgame,"$7,510,154 ",https://www.rottentomatoes.com/m/Avengers_Endgame,
8-May-19,,,Wednesday,128,"$11,761,262 ",-35.60%,-58.60%,59,Avengers_Endgame,"$8,429,166 ",https://www.rottentomatoes.com/m/Avengers_Endgame,
7-May-19,,,Tuesday,127,"$18,262,374 ",30.50%,-52.20%,57,Avengers_Endgame,"$12,518,963 ",https://www.rottentomatoes.com/m/Avengers_Endgame,
6-May-19,,,Monday,126,"$13,999,459 ",-75.60%,-65.40%,57,Avengers_Endgame,"$10,709,607 ",https://www.rottentomatoes.com/m/Avengers_Endgame,
5-May-19,,,Sunday,125,"$57,468,064 ",-28.90%,-43.50%,58,Avengers_Endgame,"$45,119,388 ",https://www.rottentomatoes.com/m/Avengers_Endgame,
4-May-19,,,Saturday,124,"$80,779,290 ",45.10%,-35.80%,61,Avengers_Endgame,"$61,527,049 ",https://www.rottentomatoes.com/m/Avengers_Endgame,
3-May-19,,,Friday,123,"$55,662,864 ",130.20%,-67.10%,56,Avengers_Endgame,"$40,736,774 ",https://www.rottentomatoes.com/m/Avengers_Endgame,
2-May-19,,,Thursday,122,"$24,182,684 ",-14.90%,342%,59,Avengers_Endgame,"$21,542,852 ",https://www.rottentomatoes.com/m/Avengers_Endgame,
1-May-19,,,Wednesday,121,"$28,428,623 ",-25.60%,290.20%,59,Avengers_Endgame,"$25,251,991 ",https://www.rottentomatoes.com/m/Avengers_Endgame,
30-Apr-19,,,Tuesday,120,"$38,228,010 ",-5.60%,224.80%,58,Avengers_Endgame,"$33,110,349 ",https://www.rottentomatoes.com/m/Avengers_Endgame,
29-Apr-19,,,Monday,119,"$40,482,256 ",-60.20%,272.80%,59,Avengers_Endgame,"$36,874,439 ",https://www.rottentomatoes.com/m/Avengers_Endgame,
28-Apr-19,,,Sunday,118,"$101,755,816 ",-19.10%,360.30%,61,Avengers_Endgame,"$90,389,244 ",https://www.rottentomatoes.com/m/Avengers_Endgame,
27-Apr-19,,,Saturday,117,"$125,799,120 ",-25.60%,250.60%,61,Avengers_Endgame,"$109,264,122 ",https://www.rottentomatoes.com/m/Avengers_Endgame,
26-Apr-19,,,Friday,116,"$169,024,740 ",2989.50%,353.30%,62,Avengers_Endgame,"$157,461,641 ",https://www.rottentomatoes.com/m/Avengers_Endgame,
25-Apr-19,,,Thursday,115,"$5,470,899 ",-24.90%,-52.30%,63,Captain_Marvel,"$1,267,909 ",https://www.rottentomatoes.com/m/Captain_Marvel,
24-Apr-19,,,Wednesday,114,"$7,286,538 ",-38.10%,-25.50%,66,The_Curse_of_la_Llorona,"$1,452,658 ",https://www.rottentomatoes.com/m/The_Curse_of_la_Llorona,
23-Apr-19,,,Tuesday,113,"$11,769,804 ",8.40%,-11.90%,66,The_Curse_of_la_Llorona,"$2,724,802 ",https://www.rottentomatoes.com/m/The_Curse_of_la_Llorona,
22-Apr-19,,,Monday,112,"$10,860,093 ",-50.90%,25.40%,68,The_Curse_of_la_Llorona,"$2,258,033 ",https://www.rottentomatoes.com/m/The_Curse_of_la_Llorona,
21-Apr-19,,Easter Sunday,Sunday,111,"$22,107,077 ",-25.90%,-14.70%,70,The_Curse_of_la_Llorona,"$5,637,706 ",https://www.rottentomatoes.com/m/The_Curse_of_la_Llorona,
20-Apr-19,,,Saturday,110,"$35,883,746 ",-3.80%,-15.10%,71,The_Curse_of_la_Llorona,"$8,790,664 ",https://www.rottentomatoes.com/m/The_Curse_of_la_Llorona,
19-Apr-19,,,Friday,109,"$37,288,620 ",225.20%,19%,70,The_Curse_of_la_Llorona,"$11,919,261 ",https://www.rottentomatoes.com/m/The_Curse_of_la_Llorona,
18-Apr-19,,,Thursday,108,"$11,466,545 ",17.20%,55.60%,67,Shazam!,"$2,526,405 ",https://www.rottentomatoes.com/m/Shazam,
17-Apr-19,,,Wednesday,107,"$9,786,012 ",-26.80%,19.50%,67,Shazam!,"$1,919,686 ",https://www.rottentomatoes.com/m/Shazam,
16-Apr-19,,,Tuesday,106,"$13,360,291 ",54.30%,-5.30%,62,Shazam!,"$3,202,526 ",https://www.rottentomatoes.com/m/Shazam,
15-Apr-19,,,Monday,105,"$8,658,998 ",-67.70%,0.20%,60,Shazam!,"$2,098,212 ",https://www.rottentomatoes.com/m/Shazam,
14-Apr-19,,,Sunday,104,"$26,826,395 ",-36.50%,-25.50%,62,Shazam!,"$7,104,956 ",https://www.rottentomatoes.com/m/Shazam,
13-Apr-19,,,Saturday,103,"$42,270,604 ",34.90%,-21.60%,62,Shazam!,"$11,001,190 ",https://www.rottentomatoes.com/m/Shazam,
12-Apr-19,,,Friday,102,"$31,345,105 ",325.20%,-34.70%,64,Shazam!,"$6,347,368 ",https://www.rottentomatoes.com/m/Shazam,
11-Apr-19,,,Thursday,101,"$7,371,083 ",-10%,-7.70%,64,Shazam!,"$2,372,873 ",https://www.rottentomatoes.com/m/Shazam,
10-Apr-19,,,Wednesday,100,"$8,190,874 ",-41.90%,-9.40%,66,Shazam!,"$2,607,476 ",https://www.rottentomatoes.com/m/Shazam,
9-Apr-19,,,Tuesday,99,"$14,107,492 ",63.20%,-5.20%,65,Shazam!,"$4,911,092 ",https://www.rottentomatoes.com/m/Shazam,
8-Apr-19,,,Monday,98,"$8,644,232 ",-76%,-13%,65,Shazam!,"$3,051,246 ",https://www.rottentomatoes.com/m/Shazam,
7-Apr-19,,,Sunday,97,"$35,989,324 ",-33.20%,-0.90%,68,Shazam!,"$13,629,723 ",https://www.rottentomatoes.com/m/Shazam,
6-Apr-19,,,Saturday,96,"$53,912,988 ",12.30%,2.60%,67,Shazam!,"$19,524,162 ",https://www.rottentomatoes.com/m/Shazam,
5-Apr-19,,,Friday,95,"$48,015,154 ",501.50%,18.10%,67,Shazam!,"$20,351,441 ",https://www.rottentomatoes.com/m/Shazam,
4-Apr-19,,,Thursday,94,"$7,981,944 ",-11.70%,-18.40%,71,Dumbo,"$2,087,758 ",https://www.rottentomatoes.com/m/Dumbo_2019,
3-Apr-19,,,Wednesday,93,"$9,042,094 ",-39.20%,-19.50%,71,Dumbo,"$2,385,567 ",https://www.rottentomatoes.com/m/Dumbo_2019,
2-Apr-19,,,Tuesday,92,"$14,879,214 ",49.80%,-14%,70,Dumbo,"$4,702,332 ",https://www.rottentomatoes.com/m/Dumbo_2019,
1-Apr-19,,,Monday,91,"$9,933,098 ",-72.60%,-17.30%,69,Dumbo,"$2,881,084 ",https://www.rottentomatoes.com/m/Dumbo_2019,
31-Mar-19,,,Sunday,90,"$36,298,098 ",-30.90%,-0.50%,71,Dumbo,"$13,224,329 ",https://www.rottentomatoes.com/m/Dumbo_2019,
30-Mar-19,,,Saturday,89,"$52,539,417 ",29.30%,-5.30%,70,Dumbo,"$17,511,870 ",https://www.rottentomatoes.com/m/Dumbo_2019,
29-Mar-19,,,Friday,88,"$40,646,631 ",315.40%,-14.10%,69,Dumbo,"$15,254,549 ",https://www.rottentomatoes.com/m/Dumbo_2019,
28-Mar-19,,,Thursday,87,"$9,785,895 ",-12.90%,17.40%,67,Us,"$4,455,635 ",https://www.rottentomatoes.com/m/Us_2019,
27-Mar-19,,,Wednesday,86,"$11,229,438 ",-35.10%,24.80%,67,Us,"$5,119,495 ",https://www.rottentomatoes.com/m/Us_2019,
26-Mar-19,,,Tuesday,85,"$17,294,351 ",44%,17.30%,69,Us,"$7,964,260 ",https://www.rottentomatoes.com/m/Us_2019,
25-Mar-19,,,Monday,84,"$12,012,316 ",-67.10%,24.90%,69,Us,"$5,957,425 ",https://www.rottentomatoes.com/m/Us_2019,
24-Mar-19,,,Sunday,83,"$36,496,749 ",-34.20%,4.80%,71,Us,"$16,815,420 ",https://www.rottentomatoes.com/m/Us_2019,
23-Mar-19,,,Saturday,82,"$55,506,348 ",17.30%,4.60%,70,Us,"$25,378,665 ",https://www.rottentomatoes.com/m/Us_2019,
22-Mar-19,,,Friday,81,"$47,316,111 ",467.90%,22.60%,69,Us,"$28,923,540 ",https://www.rottentomatoes.com/m/Us_2019,
21-Mar-19,,,Thursday,80,"$8,332,449 ",-7.40%,-39.50%,70,Captain_Marvel,"$4,226,298 ",https://www.rottentomatoes.com/m/Captain_Marvel,
20-Mar-19,,,Wednesday,79,"$8,995,950 ",-39%,-31.90%,70,Captain_Marvel,"$4,567,773 ",https://www.rottentomatoes.com/m/Captain_Marvel,
19-Mar-19,,,Tuesday,78,"$14,742,300 ",53.20%,-31.50%,73,Captain_Marvel,"$7,603,865 ",https://www.rottentomatoes.com/m/Captain_Marvel,
18-Mar-19,,,Monday,77,"$9,621,329 ",-72.40%,-37.40%,69,Captain_Marvel,"$5,195,836 ",https://www.rottentomatoes.com/m/Captain_Marvel,
17-Mar-19,,,Sunday,76,"$34,837,878 ",-34.30%,-33.20%,71,Captain_Marvel,"$19,532,991 ",https://www.rottentomatoes.com/m/Captain_Marvel,
16-Mar-19,,,Saturday,75,"$53,046,789 ",37.50%,-27.50%,72,Captain_Marvel,"$29,418,618 ",https://www.rottentomatoes.com/m/Captain_Marvel,
15-Mar-19,,,Friday,74,"$38,586,514 ",180.20%,-47%,70,Captain_Marvel,"$19,036,521 ",https://www.rottentomatoes.com/m/Captain_Marvel,
14-Mar-19,,,Thursday,73,"$13,770,254 ",4.20%,181.40%,67,Captain_Marvel,"$9,248,435 ",https://www.rottentomatoes.com/m/Captain_Marvel,
13-Mar-19,,,Wednesday,72,"$13,214,862 ",-38.60%,127.40%,65,Captain_Marvel,"$8,586,183 ",https://www.rottentomatoes.com/m/Captain_Marvel,
12-Mar-19,,,Tuesday,71,"$21,508,304 ",40%,118.80%,66,Captain_Marvel,"$14,641,119 ",https://www.rottentomatoes.com/m/Captain_Marvel,
11-Mar-19,,,Monday,70,"$15,361,034 ",-70.50%,136.60%,65,Captain_Marvel,"$10,986,773 ",https://www.rottentomatoes.com/m/Captain_Marvel,
10-Mar-19,,,Sunday,69,"$52,155,992 ",-28.70%,93.10%,66,Captain_Marvel,"$38,845,836 ",https://www.rottentomatoes.com/m/Captain_Marvel,
9-Mar-19,,,Saturday,68,"$73,122,896 ",0.40%,72.30%,65,Captain_Marvel,"$52,872,536 ",https://www.rottentomatoes.com/m/Captain_Marvel,
8-Mar-19,,,Friday,67,"$72,816,951 ",1388.20%,186.30%,64,Captain_Marvel,"$61,715,051 ",https://www.rottentomatoes.com/m/Captain_Marvel,
7-Mar-19,,,Thursday,66,"$4,893,029 ",-15.80%,-20.50%,62,How_to_Train_Your_Dragon_The_Hidden_World,"$1,373,410 ",https://www.rottentomatoes.com/m/How_to_Train_Your_Dragon_The_Hidden_World,
6-Mar-19,,,Wednesday,65,"$5,812,439 ",-40.90%,0.40%,61,How_to_Train_Your_Dragon_The_Hidden_World,"$1,488,855 ",https://www.rottentomatoes.com/m/How_to_Train_Your_Dragon_The_Hidden_World,
5-Mar-19,,,Tuesday,64,"$9,832,362 ",51.50%,-1.30%,61,How_to_Train_Your_Dragon_The_Hidden_World,"$2,631,920 ",https://www.rottentomatoes.com/m/How_to_Train_Your_Dragon_The_Hidden_World,
4-Mar-19,,,Monday,63,"$6,492,011 ",-76%,7.20%,61,How_to_Train_Your_Dragon_The_Hidden_World,"$1,793,125 ",https://www.rottentomatoes.com/m/How_to_Train_Your_Dragon_The_Hidden_World,
3-Mar-19,,,Sunday,62,"$27,003,790 ",-36.40%,-10.50%,64,How_to_Train_Your_Dragon_The_Hidden_World,"$9,521,600 ",https://www.rottentomatoes.com/m/How_to_Train_Your_Dragon_The_Hidden_World,
2-Mar-19,,,Saturday,61,"$42,441,523 ",66.90%,-11%,60,How_to_Train_Your_Dragon_The_Hidden_World,"$14,075,780 ",https://www.rottentomatoes.com/m/How_to_Train_Your_Dragon_The_Hidden_World,
1-Mar-19,,,Friday,60,"$25,434,405 ",313.30%,-22.90%,61,A_Madea_Family_Funeral,"$9,200,824 ",https://www.rottentomatoes.com/m/A_Madea_Family_Funeral,
28-Feb-19,,,Thursday,59,"$6,153,793 ",6.30%,-5.60%,56,How_to_Train_Your_Dragon_The_Hidden_World,"$2,048,005 ",https://www.rottentomatoes.com/m/How_to_Train_Your_Dragon_The_Hidden_World,
27-Feb-19,,,Wednesday,58,"$5,788,112 ",-41.90%,-12.40%,54,How_to_Train_Your_Dragon_The_Hidden_World,"$2,038,040 ",https://www.rottentomatoes.com/m/How_to_Train_Your_Dragon_The_Hidden_World,
26-Feb-19,,,Tuesday,57,"$9,964,130 ",64.50%,-11.40%,54,How_to_Train_Your_Dragon_The_Hidden_World,"$3,709,180 ",https://www.rottentomatoes.com/m/How_to_Train_Your_Dragon_The_Hidden_World,
25-Feb-19,,,Monday,56,"$6,057,148 ",-79.90%,-71.70%,54,How_to_Train_Your_Dragon_The_Hidden_World,"$2,332,805 ",https://www.rottentomatoes.com/m/How_to_Train_Your_Dragon_The_Hidden_World,
24-Feb-19,,,Sunday,55,"$30,159,635 ",-36.80%,-10%,56,How_to_Train_Your_Dragon_The_Hidden_World,"$15,356,250 ",https://www.rottentomatoes.com/m/How_to_Train_Your_Dragon_The_Hidden_World,
23-Feb-19,,,Saturday,54,"$47,706,821 ",44.70%,7.20%,55,How_to_Train_Your_Dragon_The_Hidden_World,"$22,289,305 ",https://www.rottentomatoes.com/m/How_to_Train_Your_Dragon_The_Hidden_World,
22-Feb-19,,,Friday,53,"$32,968,787 ",405.60%,21.30%,55,How_to_Train_Your_Dragon_The_Hidden_World,"$17,376,690 ",https://www.rottentomatoes.com/m/How_to_Train_Your_Dragon_The_Hidden_World,
21-Feb-19,,,Thursday,52,"$6,521,286 ",-1.30%,-75.20%,60,Alita_Battle_Angel,"$1,601,135 ",https://www.rottentomatoes.com/m/Alita_Battle_Angel,
20-Feb-19,,,Wednesday,51,"$6,608,651 ",-41.20%,-10.80%,62,Alita_Battle_Angel,"$1,727,342 ",https://www.rottentomatoes.com/m/Alita_Battle_Angel,
19-Feb-19,,,Tuesday,50,"$11,247,792 ",-47.50%,41.10%,65,Alita_Battle_Angel,"$3,102,259 ",https://www.rottentomatoes.com/m/Alita_Battle_Angel,
18-Feb-19,,Presidents' Day,Monday,49,"$21,411,245 ",-61.50%,-21.50%,63,The_LEGO_Movie_2_The_Second_Part,"$6,948,824 ",https://www.rottentomatoes.com/m/The_LEGO_Movie_2_The_Second_Part,
17-Feb-19,,,Sunday,48,"$33,515,190 ",-24.70%,29.30%,63,Alita_Battle_Angel,"$9,300,205 ",https://www.rottentomatoes.com/m/Alita_Battle_Angel,
16-Feb-19,,,Saturday,47,"$44,509,925 ",63.80%,5.80%,61,Alita_Battle_Angel,"$11,702,169 ",https://www.rottentomatoes.com/m/Alita_Battle_Angel,
15-Feb-19,,,Friday,46,"$27,172,456 ",3.50%,0.40%,61,Alita_Battle_Angel,"$7,523,239 ",https://www.rottentomatoes.com/m/Alita_Battle_Angel,
14-Feb-19,,,Thursday,45,"$26,259,254 ",254.50%,592.90%,65,Alita_Battle_Angel,"$8,716,232 ",https://www.rottentomatoes.com/m/Alita_Battle_Angel,
13-Feb-19,,,Wednesday,44,"$7,406,948 ",-7.10%,84.10%,63,Isn't_It_Romantic,"$1,825,164 ",https://www.rottentomatoes.com/m/Isn't_It_Romantic,
12-Feb-19,,,Tuesday,43,"$7,971,721 ",42.40%,23.40%,59,The_LEGO_Movie_2_The_Second_Part,"$2,007,731 ",https://www.rottentomatoes.com/m/The_LEGO_Movie_2_The_Second_Part,
11-Feb-19,,,Monday,42,"$5,597,858 ",-78.40%,35.90%,60,The_LEGO_Movie_2_The_Second_Part,"$1,454,134 ",https://www.rottentomatoes.com/m/The_LEGO_Movie_2_The_Second_Part,
10-Feb-19,,,Sunday,41,"$25,914,522 ",-38.40%,158.80%,64,The_LEGO_Movie_2_The_Second_Part,"$10,219,804 ",https://www.rottentomatoes.com/m/The_LEGO_Movie_2_The_Second_Part,
9-Feb-19,,,Saturday,40,"$42,061,813 ",55.50%,57.30%,61,The_LEGO_Movie_2_The_Second_Part,"$15,434,411 ",https://www.rottentomatoes.com/m/The_LEGO_Movie_2_The_Second_Part,
8-Feb-19,,,Friday,39,"$27,051,182 ",613.80%,76.10%,60,The_LEGO_Movie_2_The_Second_Part,"$8,461,120 ",https://www.rottentomatoes.com/m/The_LEGO_Movie_2_The_Second_Part,
7-Feb-19,,,Thursday,38,"$3,789,697 ",-5.80%,-31.80%,58,The_Upside,"$639,439 ",https://www.rottentomatoes.com/m/The_Upside,
6-Feb-19,,,Wednesday,37,"$4,023,437 ",-37.70%,-24.90%,55,Glass,"$737,590 ",https://www.rottentomatoes.com/m/Glass_2019,
5-Feb-19,,,Tuesday,36,"$6,462,124 ",56.90%,-16.60%,57,Glass,"$1,192,775 ",https://www.rottentomatoes.com/m/Glass_2019,
4-Feb-19,,,Monday,35,"$4,118,659 ",-58.90%,-17.80%,54,Glass,"$828,240 ",https://www.rottentomatoes.com/m/Glass_2019,
3-Feb-19,,,Sunday,34,"$10,013,531 ",-62.50%,-52.70%,56,Glass,"$1,708,650 ",https://www.rottentomatoes.com/m/Glass_2019,
2-Feb-19,,,Saturday,33,"$26,732,767 ",74%,-24.40%,55,Glass,"$5,083,445 ",https://www.rottentomatoes.com/m/Glass_2019,
1-Feb-19,,,Friday,32,"$15,360,084 ",176.60%,-18.80%,55,Glass,"$2,756,700 ",https://www.rottentomatoes.com/m/Glass_2019,
31-Jan-19,,,Thursday,31,"$5,554,041 ",3.70%,-22.20%,56,Glass,"$1,236,865 ",https://www.rottentomatoes.com/m/Glass_2019,
30-Jan-19,,,Wednesday,30,"$5,355,391 ",-30.90%,-24.70%,55,Glass,"$1,205,830 ",https://www.rottentomatoes.com/m/Glass_2019,
29-Jan-19,,,Tuesday,29,"$7,751,898 ",54.70%,-33.80%,55,Glass,"$1,941,805 ",https://www.rottentomatoes.com/m/Glass_2019,
28-Jan-19,,,Monday,28,"$5,011,938 ",-76.30%,-81.20%,56,Glass,"$1,310,025 ",https://www.rottentomatoes.com/m/Glass_2019,
27-Jan-19,,,Sunday,27,"$21,167,825 ",-40.20%,-32.10%,53,Glass,"$5,268,280 ",https://www.rottentomatoes.com/m/Glass_2019,
26-Jan-19,,,Saturday,26,"$35,370,112 ",87%,-21.20%,53,Glass,"$8,652,565 ",https://www.rottentomatoes.com/m/Glass_2019,
25-Jan-19,,,Friday,25,"$18,913,633 ",165.10%,-43.40%,51,Glass,"$4,963,595 ",https://www.rottentomatoes.com/m/Glass_2019,
24-Jan-19,,,Thursday,24,"$7,135,530 ",0.30%,-28.30%,51,Glass,"$2,076,715 ",https://www.rottentomatoes.com/m/Glass_2019,
23-Jan-19,,,Wednesday,23,"$7,111,194 ",-39.30%,-49.90%,49,Glass,"$2,144,560 ",https://www.rottentomatoes.com/m/Glass_2019,
22-Jan-19,,,Tuesday,22,"$11,717,186 ",-56%,-6.10%,48,Glass,"$3,814,910 ",https://www.rottentomatoes.com/m/Glass_2019,
21-Jan-19,,MLK Day,Monday,21,"$26,640,078 ",-10.30%,11.60%,51,Glass,"$6,176,030 ",https://www.rottentomatoes.com/m/Glass_2019,
20-Jan-19,,,Sunday,20,"$31,173,062 ",-30.60%,14.30%,49,Glass,"$9,918,070 ",https://www.rottentomatoes.com/m/Glass_2019,
19-Jan-19,,,Saturday,19,"$44,908,041 ",34.30%,8.30%,49,Glass,"$14,524,105 ",https://www.rottentomatoes.com/m/Glass_2019,
18-Jan-19,,,Friday,18,"$33,442,056 ",235.90%,19%,50,Glass,"$15,886,745 ",https://www.rottentomatoes.com/m/Glass_2019,
17-Jan-19,,,Thursday,17,"$9,956,091 ",-29.80%,22.90%,49,Dragon_Ball_Super_Broly,"$3,376,374 ",https://www.rottentomatoes.com/m/Dragon_Ball_Super_Broly,
16-Jan-19,,,Wednesday,16,"$14,180,577 ",13.70%,50.80%,48,Dragon_Ball_Super_Broly,"$7,043,068 ",https://www.rottentomatoes.com/m/Dragon_Ball_Super_Broly,
15-Jan-19,,,Tuesday,15,"$12,473,769 ",61.60%,-13.20%,49,The_Upside,"$2,834,401 ",https://www.rottentomatoes.com/m/The_Upside,
14-Jan-19,,,Monday,14,"$7,718,033 ",-71.70%,-22.70%,48,The_Upside,"$1,752,184 ",https://www.rottentomatoes.com/m/The_Upside,
13-Jan-19,,,Sunday,13,"$27,281,866 ",-34.20%,-12.80%,52,The_Upside,"$5,561,904 ",https://www.rottentomatoes.com/m/The_Upside,
12-Jan-19,,,Saturday,12,"$41,458,012 ",47.50%,-15.10%,52,The_Upside,"$7,864,742 ",https://www.rottentomatoes.com/m/The_Upside,
11-Jan-19,,,Friday,11,"$28,100,212 ",247%,-27.70%,51,The_Upside,"$6,928,354 ",https://www.rottentomatoes.com/m/The_Upside,
10-Jan-19,,,Thursday,10,"$8,098,409 ",-13.90%,-63.20%,48,Aquaman,"$2,002,266 ",https://www.rottentomatoes.com/m/Aquaman,
9-Jan-19,,,Wednesday,9,"$9,403,436 ",-34.50%,-62.50%,50,Aquaman,"$2,134,441 ",https://www.rottentomatoes.com/m/Aquaman,
8-Jan-19,,,Tuesday,8,"$14,364,595 ",43.90%,-72.70%,50,Aquaman,"$3,852,619 ",https://www.rottentomatoes.com/m/Aquaman,
7-Jan-19,,,Monday,7,"$9,979,794 ",-68.10%,-72.50%,48,Aquaman,"$2,583,295 ",https://www.rottentomatoes.com/m/Aquaman,
6-Jan-19,,,Sunday,6,"$31,293,715 ",-35.90%,-38.60%,52,Aquaman,"$8,561,508 ",https://www.rottentomatoes.com/m/Aquaman,
5-Jan-19,,,Saturday,5,"$48,843,884 ",25.70%,-16%,52,Aquaman,"$13,053,690 ",https://www.rottentomatoes.com/m/Aquaman,
4-Jan-19,,,Friday,4,"$38,870,140 ",76.70%,-31.40%,52,Aquaman,"$9,388,082 ",https://www.rottentomatoes.com/m/Aquaman,
3-Jan-19,,,Thursday,3,"$22,001,708 ",-12.10%,-57.40%,55,Aquaman,"$6,203,801 ",https://www.rottentomatoes.com/m/Aquaman,
2-Jan-19,,,Wednesday,2,"$25,043,176 ",-52.40%,-54.90%,53,Aquaman,"$7,379,476 ",https://www.rottentomatoes.com/m/Aquaman,
1-Jan-19,,New Year's Day,Tuesday,1,"$52,588,390 ",-0.30%,23.30%,53,Aquaman,"$16,377,779 ",https://www.rottentomatoes.com/m/Aquaman,
